Semantic_Similarity,Emotional_Alignment,Time_Closeness,Target_Intensity,Linked,Pair_Type,Category
0.8533335767431174,0.8945932355422466,0.999900014997667,0.2,1,positive,causal
0.7361877649950768,0.7734511097255105,0.999900014997667,0.05,0,temporal_neg,causal
0.762125826970892,0.8049296805342658,0.16062330390381485,0.4,0,semantic_neg,causal
0.8649397910464467,0.8442345260825609,0.999900014997667,0.25,1,positive,causal
0.7430120015274346,0.8102627900816696,0.999900014997667,0.1,0,temporal_neg,causal
0.7388990836774523,0.7959498008845618,0.17514575888750886,0.3,0,semantic_neg,causal
0.8321938303938267,0.8279381546573596,0.999900014997667,0.2,1,positive,causal
0.7233794894700469,0.7702259751946201,0.999900014997667,0.05,0,temporal_neg,causal
0.7331504153116095,0.8337890064051636,0.15864693436001365,0.35,0,semantic_neg,causal
0.818843924094702,0.8152823087157386,0.999900014997667,0.2,1,positive,causal
0.7298123398434115,0.7543970228777273,0.999900014997667,0.05,0,temporal_neg,causal
0.8268064968735973,0.738485151451675,0.20709759078963702,0.4,0,semantic_neg,causal
0.820935595764335,0.8109401796582142,0.999900014997667,0.25,1,positive,causal
0.7372372120414257,0.7677367212238577,0.999900014997667,0.05,0,temporal_neg,causal
0.7372035928173436,0.820359252901376,0.17971556875850483,0.3,0,semantic_neg,causal
0.8427996295285618,0.7934448168866508,0.9998000599813393,0.1,1,positive,causal
0.7294928654650199,0.7693632940671131,0.9998000599813393,0.05,0,temporal_neg,causal
0.8778569077543332,0.7829042395489549,0.17514575888750886,0.85,0,semantic_neg,causal
0.8298209958568226,0.7823115603122044,0.9997001349370297,0.15,1,positive,causal
0.7267436143256258,0.8383397983583392,0.9997001349370297,0.05,0,temporal_neg,causal
0.8371736537584948,0.7828201960491763,0.1725390164004001,0.75,0,semantic_neg,causal
0.8571768251972304,0.8321629837564128,0.999900014997667,0.2,1,positive,causal
0.7365212381307129,0.7926021354221275,0.999900014997667,0.08,0,temporal_neg,causal
0.8380659058013644,0.8066072348582204,0.17657115815717683,0.8,0,semantic_neg,causal
0.7784040477762533,0.7829599835359231,0.9995003747085625,0.12,1,positive,causal
0.7305134114114396,0.7996204355060513,0.9995003747085625,0.07,0,temporal_neg,causal
0.8244769571531811,0.7899240877286309,0.16618804960370956,0.78,0,semantic_neg,causal
0.8256460585212175,0.799113531615556,0.9996002398507605,0.25,1,positive,causal
0.7537787760412462,0.784204593314727,0.9996002398507605,0.06,0,temporal_neg,causal
0.7933579654029796,0.7871957115751722,0.17020704922556396,0.7,0,semantic_neg,causal
0.8543789602742421,0.8708562188674096,0.9998000599813393,0.2,1,positive,causal
0.703899687296667,0.7734511097255105,0.9998000599813393,0.05,0,temporal_neg,causal
0.7721358859180057,0.8428700004741004,0.17241634180995266,0.1,0,semantic_neg,causal
0.8387159147990954,0.7931816452647308,0.999900014997667,0.2,1,positive,causal
0.721314435532928,0.7426006291286427,0.999900014997667,0.08,0,temporal_neg,causal
0.8467323512751508,0.8442345260825609,0.16618804960370956,0.15,0,semantic_neg,causal
0.8891391207256704,0.7820199373891905,0.9997001349370297,0.22,1,positive,causal
0.7573972818756924,0.7565669633333003,0.9997001349370297,0.06,0,temporal_neg,causal
0.8654910262927156,0.7886958352488261,0.16132943114369533,0.17,0,semantic_neg,causal
0.8260885723901521,0.8084428197712641,0.9998500337421268,0.19,1,positive,causal
0.7045368777222576,0.7984318234125062,0.9998500337421268,0.07,0,temporal_neg,causal
0.820396885122018,0.8048905716308745,0.1780905676023748,0.12,0,semantic_neg,causal
0.8703870392402167,0.8190715865561535,0.999750093713556,0.18,1,positive,causal
0.7281004715572045,0.8151162243924341,0.999750093713556,0.09,0,temporal_neg,causal
0.8079752012244756,0.7882135714323599,0.17020704922556396,0.14,0,semantic_neg,causal
0.8755650671741375,0.7993325752962918,0.9998000599813393,0.08,1,positive,causal
0.7657339169495856,0.764888254957534,0.9997001349370297,0.05,0,temporal_neg,causal
0.882708427137598,0.8062213435901207,0.1725390164004001,0.3,0,semantic_neg,causal
0.8308681793148271,0.7503078223944095,0.999900014997667,0.07,1,positive,causal
0.7976558316313045,0.7837081791975756,0.9998000599813393,0.1,0,temporal_neg,causal
0.8645636809739897,0.7676033943450733,0.16618804960370956,0.25,0,semantic_neg,causal
0.8407266436706802,0.855697813571949,0.9995003747085625,0.18,1,positive,causal
0.754235606998348,0.8000638517612506,0.9996002398507605,0.05,0,temporal_neg,causal
0.7825967032964734,0.8116212127801132,0.17514575888750886,0.2,0,semantic_neg,causal
0.8039476534269372,0.7460116310637781,0.999900014997667,0.09,1,positive,causal
0.7306216831667147,0.7908303922627653,0.9998000599813393,0.05,0,temporal_neg,causal
0.8472341021912794,0.8969492743184786,0.16132943114369533,0.6,0,semantic_neg,causal
0.8362853909624877,0.7763749114266858,0.9998000599813393,0.06,1,positive,causal
0.7836356189125582,0.798376283947678,0.9997001349370297,0.15,0,temporal_neg,causal
0.8489511496343078,0.8218507830134925,0.1780905676023748,0.35,0,semantic_neg,causal
0.8441815574328326,0.7734511097255105,0.999900014997667,0.15,1,positive,causal
0.7608572474049998,0.7481846361005348,0.9998000599813393,0.05,0,temporal_neg,causal
0.8287547621315993,0.7509352091459263,0.17241634180995266,0.1,0,semantic_neg,causal
0.813466192223659,0.7846783243303241,0.999900014997667,0.2,1,positive,causal
0.6952814421609963,0.7729187932150634,0.9998000599813393,0.08,0,temporal_neg,causal
0.8364461892241768,0.7565002442761298,0.16618804960370956,0.12,0,semantic_neg,causal
0.8942320807697144,0.7709213468441454,0.999900014997667,0.08,1,positive,causal
0.7263271150511103,0.7600582995194294,0.9998000599813393,0.05,0,temporal_neg,causal
0.8375064745193199,0.8461320461106232,0.17514575888750886,0.1,0,semantic_neg,causal
0.7989606395535795,0.865040566751978,0.999900014997667,0.25,1,positive,causal
0.7645343894625951,0.7734511097255105,0.9998000599813393,0.05,0,temporal_neg,causal
0.8099309229684586,0.7901084690396025,0.17020704922556396,0.18,0,semantic_neg,causal
0.860697066343599,0.8113756748410024,0.999900014997667,0.1,1,positive,causal
0.7476045671761768,0.7802548234234806,0.9998000599813393,0.07,0,temporal_neg,causal
0.8658923606773863,0.8039308438416939,0.17657115815717683,0.15,0,semantic_neg,causal
0.877755219120214,0.787999057506009,0.9990014976703275,0.08,1,positive,causal
0.7217317166918921,0.7787296856806092,0.9990014976703275,0.05,0,temporal_neg,causal
0.8472149226165804,0.7753121664139544,0.17514575888750886,0.1,0,semantic_neg,causal
0.8170840648932604,0.780003442335221,0.9995003747085625,0.18,1,positive,causal
0.7967320181050688,0.7556782777218268,0.9995003747085625,0.05,0,temporal_neg,causal
0.8010195635107238,0.7650589019633364,0.16618804960370956,0.2,0,semantic_neg,causal
0.817829657167542,0.7501226684057616,0.999900014997667,0.1,1,positive,causal
0.7271266764768849,0.7693439517547729,0.999900014997667,0.05,0,temporal_neg,causal
0.8262037399560748,0.7676033943450733,0.16132943114369533,0.15,0,semantic_neg,causal
0.8439916446305038,0.7849907741685109,0.9980059813918154,0.15,1,positive,causal
0.8085603777933028,0.7702259751946201,0.9980059813918154,0.05,0,temporal_neg,causal
0.771110209408786,0.8198206206634031,0.17020704922556396,0.1,0,semantic_neg,causal
0.772206200693234,0.8053997394791225,0.9985033671435188,0.12,1,positive,causal
0.7512325457569393,0.7482818487079013,0.9985033671435188,0.05,0,temporal_neg,causal
0.8314789618530898,0.7858426749214726,0.17657115815717683,0.15,0,semantic_neg,causal
0.8657714841950078,0.865040566751978,0.9990014976703275,0.1,1,positive,causal
0.7245052086171894,0.7734511097255105,0.9990014976703275,0.05,0,temporal_neg,causal
0.8359492552448333,0.8234199313645822,0.17241634180995266,0.18,0,semantic_neg,causal
0.8440000065169435,0.7414721021661577,0.9995003747085625,0.15,1,positive,causal
0.7776664422427748,0.7358799414949115,0.9995003747085625,0.05,0,temporal_neg,causal
0.8628367342682359,0.7747134462408097,0.16618804960370956,0.12,0,semantic_neg,causal
0.8840414972444605,0.7937673065095651,0.9980059813918154,0.15,1,positive,causal
0.750183041623602,0.7720610493938729,0.9980059813918154,0.05,0,temporal_neg,causal
0.8446838596661739,0.7601280026665606,0.17514575888750886,0.18,0,semantic_neg,causal
0.8449721700010544,0.8141218435754176,0.9992009588068334,0.08,1,positive,causal
0.7332317891667423,0.8241261424273718,0.9992009588068334,0.05,0,temporal_neg,causal
0.7803845076071514,0.8706114634373912,0.16912876183801018,0.2,0,semantic_neg,causal
0.8623904624975774,0.7783014557049949,0.9985033671435188,0.13,1,positive,causal
0.7542781085115822,0.7622248255400246,0.9985033671435188,0.05,0,temporal_neg,causal
0.7886274069262846,0.7675913554008615,0.17657115815717683,0.15,0,semantic_neg,causal
0.7917699408614451,0.8080635864583808,0.999900014997667,0.1,1,positive,causal
0.8064122621754306,0.7997338328161091,0.9998000599813393,0.05,0,temporal_neg,causal
0.774903758750059,0.8208816692579942,0.17241634180995266,0.2,0,semantic_neg,causal
0.8119388892291965,0.7704564613015702,0.999900014997667,0.18,1,positive,causal
0.7544878522169753,0.7729144306274512,0.9997001349370297,0.05,0,temporal_neg,causal
0.8200591116630827,0.8109976632429969,0.16618804960370956,0.75,0,semantic_neg,causal
0.7689512138782524,0.7654322968378358,0.9998000599813393,0.15,1,positive,causal
0.8028615340975688,0.796016954471835,0.999900014997667,0.08,0,temporal_neg,causal
0.7887174295714189,0.7481875172608022,0.14403412024011578,0.8,0,semantic_neg,causal
0.7450761014576051,0.7472290306436216,0.999900014997667,0.2,1,positive,causal
0.8259833222602601,0.7534681877530331,0.9998000599813393,0.07,0,temporal_neg,causal
0.7793139268587532,0.9083459351231391,0.15864693436001365,0.7,0,semantic_neg,causal
0.7434796964277444,0.747832229275711,0.9995003747085625,0.22,1,positive,causal
0.8465349586488542,0.76391145720924,0.999900014997667,0.06,0,temporal_neg,causal
0.7732466725107547,0.7830848610681715,0.16132943114369533,0.85,0,semantic_neg,causal
0.8428797529712962,0.7919335571180757,0.9993007342005461,0.08,1,positive,causal
0.7547857645039883,0.7744951974751715,0.9993007342005461,0.05,0,temporal_neg,causal
0.8626669115310277,0.8945932355422466,0.17241634180995266,0.15,0,semantic_neg,causal
0.8494515753275297,0.7728742989327624,0.9997001349370297,0.1,1,positive,causal
0.7830499954901818,0.8221459319977245,0.9997001349370297,0.1,0,temporal_neg,causal
0.8178792598765773,0.8041130435164028,0.16618804960370956,0.18,0,semantic_neg,causal
0.836868805505864,0.8174525048948126,0.9995003747085625,0.07,1,positive,causal
0.7473250565732767,0.7991457322954496,0.9995003747085625,0.06,0,temporal_neg,causal
0.8256422410978208,0.7705747966375622,0.17514575888750886,0.12,0,semantic_neg,causal
0.9134183241792897,0.7821032699273363,0.9996002398507605,0.09,1,positive,causal
0.7314092130225314,0.7632550433979106,0.9996002398507605,0.05,0,temporal_neg,causal
0.8403082293363546,0.7607242314861317,0.17020704922556396,0.15,0,semantic_neg,causal
0.9010400052252718,0.8398914460567033,0.9998000599813393,0.07,1,positive,causal
0.785103807119655,0.8056629598534,0.9998000599813393,0.06,0,temporal_neg,causal
0.84973738183415,0.8179306572486384,0.17657115815717683,0.15,0,semantic_neg,causal
0.8378586307968039,0.7734511097255105,0.999900014997667,0.1,1,positive,causal
0.7952429605957991,0.7836732856732853,0.999900014997667,0.05,0,temporal_neg,causal
0.8571516287227343,0.7950459149250741,0.17241634180995266,0.3,0,semantic_neg,causal
0.894138284281732,0.8708562188674096,0.9998000599813393,0.15,1,positive,causal
0.7569452595496368,0.7559678375002068,0.9998000599813393,0.08,0,temporal_neg,causal
0.7938217136556425,0.7786967195412109,0.16618804960370956,0.4,0,semantic_neg,causal
0.8104449203444842,0.8224674993096728,0.9995003747085625,0.25,1,positive,causal
0.7867737751491027,0.788561067890442,0.9995003747085625,0.07,0,temporal_neg,causal
0.8068671600025314,0.7652768525850207,0.17514575888750886,0.35,0,semantic_neg,causal
0.797222601581405,0.8999410262053811,0.9990014976703275,0.2,1,positive,causal
0.7630269957236717,0.788123121945389,0.9990014976703275,0.06,0,temporal_neg,causal
0.8406159967573488,0.7865148176101897,0.16132943114369533,0.45,0,semantic_neg,causal
0.8614822242775209,0.7579025363572691,0.9985033671435188,0.22,1,positive,causal
0.7602273970161161,0.845386283841983,0.9985033671435188,0.09,0,temporal_neg,causal
0.7877703406615053,0.8274873539007752,0.17020704922556396,0.3,0,semantic_neg,causal
0.8923435898805185,0.8599362568381674,0.999900014997667,0.1,1,positive,causal
0.786465992851911,0.7734511097255105,0.999900014997667,0.05,0,temporal_neg,causal
0.8106746699722387,0.8457597243108622,0.16618804960370956,0.2,0,semantic_neg,causal
0.833049711361562,0.7961470566055833,0.999900014997667,0.15,1,positive,causal
0.7212165851296218,0.8161554277454088,0.999900014997667,0.05,0,temporal_neg,causal
0.7823139710894988,0.7569740211100633,0.17514575888750886,0.1,0,semantic_neg,causal
0.8491957707996952,0.8061731419025495,0.999900014997667,0.2,1,positive,causal
0.7388035024959503,0.7702259751946201,0.999900014997667,0.05,0,temporal_neg,causal
0.7861238570377886,0.8041805992260114,0.16132943114369533,0.15,0,semantic_neg,causal
0.8766090712926434,0.909948302165037,0.999900014997667,0.1,1,positive,causal
0.7628377039234033,0.7611662586735748,0.999900014997667,0.05,0,temporal_neg,causal
0.8446277070635004,0.8101479857594371,0.17020704922556396,0.1,0,semantic_neg,causal
0.8577097721494622,0.7782851037100414,0.999900014997667,0.2,1,positive,causal
0.7739049125640232,0.742918574825495,0.999900014997667,0.05,0,temporal_neg,causal
0.825691113931597,0.7603501595933355,0.16443570267384364,0.15,0,semantic_neg,causal
0.8831846187249137,0.8945932355422466,0.999900014997667,0.1,1,positive,causal
0.7216766213821574,0.7734511097255105,0.999900014997667,0.05,0,temporal_neg,causal
0.8065696035633787,0.8278829179530569,0.1725390164004001,0.08,0,semantic_neg,causal
0.8957964554037958,0.7982289990360785,0.999900014997667,0.15,1,positive,causal
0.7536753770677751,0.764888254957534,0.999900014997667,0.05,0,temporal_neg,causal
0.8272793256687463,0.8095595235019896,0.16618804960370956,0.12,0,semantic_neg,causal
0.9129410908178346,0.8321629837564128,0.999900014997667,0.18,1,positive,causal
0.7675355532749397,0.7965443874055296,0.999900014997667,0.08,0,temporal_neg,causal
0.8033064110697172,0.8268529007986516,0.17657115815717683,0.1,0,semantic_neg,causal
0.9104772978755025,0.8723666416123287,0.999900014997667,0.18,1,positive,causal
0.7418499374418368,0.7982800172836821,0.999900014997667,0.05,0,temporal_neg,causal
0.8216239895080371,0.7660289897705534,0.17514575888750886,0.12,0,semantic_neg,causal
0.8358762702228024,0.780003442335221,0.999900014997667,0.2,1,positive,causal
0.722505365891599,0.7556782777218268,0.999900014997667,0.05,0,temporal_neg,causal
0.8192425089558357,0.7475336549789118,0.17020704922556396,0.18,0,semantic_neg,causal
0.8412677386689515,0.8498001026274677,0.9998000599813393,0.08,1,positive,causal
0.7965383556687115,0.7702259751946201,0.9998000599813393,0.05,0,temporal_neg,causal
0.8758486096336251,0.9344371493807433,0.17241634180995266,0.6,0,semantic_neg,causal
0.8848657568491911,0.7880544498871935,0.9995003747085625,0.07,1,positive,causal
0.8114204014661861,0.7724006231665949,0.9995003747085625,0.06,0,temporal_neg,causal
0.7940199198775894,0.7786622363796782,0.16128633938659107,0.75,0,semantic_neg,causal
0.8658026742572161,0.8674991646404016,0.9997001349370297,0.09,1,positive,causal
0.748350992051943,0.7846783243303241,0.9997001349370297,0.05,0,temporal_neg,causal
0.8756445479214979,0.7639619595066693,0.1661697672928601,0.5,0,semantic_neg,causal
0.7928257391183346,0.75584238865424,0.9996002398507605,0.1,1,positive,causal
0.7725797214072108,0.7728332706543622,0.9996002398507605,0.07,0,temporal_neg,causal
0.8533556060053318,0.7959498008845618,0.1749257399780161,0.3,0,semantic_neg,causal
0.8395943515663238,0.7838164086764818,0.999900014997667,0.09,1,positive,causal
0.7500600683607566,0.7817329161224128,0.999900014997667,0.08,0,temporal_neg,causal
0.7922920431530552,0.852340560052592,0.16908673768557195,0.65,0,semantic_neg,causal
0.9136405090546831,0.79756674704914,0.9993007342005461,0.15,1,positive,causal
0.8220533283666974,0.7388501574619298,0.9992009588068334,0.05,0,temporal_neg,causal
0.8594525978687478,0.825409326210492,0.17241634180995266,0.8,0,semantic_neg,causal
0.8463421833986116,0.8708562188674096,0.999900014997667,0.15,1,positive,causal
0.7767779700616675,0.7862164468153285,0.9998000599813393,0.05,0,temporal_neg,causal
0.8920073161041899,0.7564849479813864,0.16618804960370956,0.2,0,semantic_neg,causal
0.8939898695882901,0.7956420828193971,0.999900014997667,0.15,1,positive,causal
0.7983053143464316,0.8553641094281927,0.9998000599813393,0.05,0,temporal_neg,causal
0.8276640954854861,0.8060071615554989,0.17514575888750886,0.6,0,semantic_neg,causal
0.8586302156923828,0.7966480275487977,0.9995003747085625,0.15,1,positive,causal
0.7837845309192613,0.82290804668319,0.9994005394964747,0.1,0,temporal_neg,causal
0.8378695658509461,0.7783721507946164,0.17657115815717683,0.3,0,semantic_neg,causal
0.9023598272465996,0.8139628554477236,0.9997001349370297,0.2,1,positive,causal
0.7463017582882612,0.7566790298967427,0.9996002398507605,0.1,0,temporal_neg,causal
0.8711734221140164,0.7878980654414115,0.17020704922556396,0.1,0,semantic_neg,causal
0.7887960338099194,0.7729187932150634,0.999900014997667,0.05,1,positive,causal
0.7452172491150184,0.7854435954422914,0.9998000599813393,0.15,0,temporal_neg,causal
0.796710626927141,0.7767711225631733,0.16062330390381485,0.6,0,semantic_neg,causal
0.8490554091316187,0.7202418583346072,0.9995003747085625,0.08,1,positive,causal
0.7557709482546252,0.8096807290772368,0.9996002398507605,0.2,0,temporal_neg,causal
0.8242424207215413,0.7610672463712047,0.17514575888750886,0.3,0,semantic_neg,causal
0.7946859267986729,0.7738892342219514,0.9998000599813393,0.1,1,positive,causal
0.8219736360442935,0.8139570250270762,0.999900014997667,0.05,0,temporal_neg,causal
0.8076728082247806,0.7852544286298615,0.17971556875850483,0.4,0,semantic_neg,causal
0.8784805925054973,0.7699699995785633,0.9997001349370297,0.06,1,positive,causal
0.7336805980342125,0.7614314022853217,0.9996002398507605,0.05,0,temporal_neg,causal
0.810885903600346,0.7467156131075484,0.1681022630645173,0.7,0,semantic_neg,causal
0.8695936811264282,0.800055839835131,0.9998000599813393,0.09,1,positive,causal
0.695567580261318,0.7948397915449498,0.999900014997667,0.07,0,temporal_neg,causal
0.8338623969645069,0.807484101091285,0.16443570267384364,0.5,0,semantic_neg,causal
0.8661403802798486,0.8945932355422466,0.9997001349370297,0.1,1,positive,causal
0.7217484489785175,0.7734511097255105,0.9997001349370297,0.05,0,temporal_neg,causal
0.7684982636667086,0.7950459149250741,0.1725390164004001,0.15,0,semantic_neg,causal
0.8450863675118095,0.7931816452647308,0.9998000599813393,0.18,1,positive,causal
0.724315223295007,0.7358799414949115,0.9998000599813393,0.05,0,temporal_neg,causal
0.786091886881223,0.8025230909207306,0.16618804960370956,0.1,0,semantic_neg,causal
0.8357701738511093,0.8279381546573596,0.999900014997667,0.22,1,positive,causal
0.7228601725512673,0.7702259751946201,0.999900014997667,0.05,0,temporal_neg,causal
0.8457934261940321,0.8048905716308745,0.16132943114369533,0.15,0,semantic_neg,causal
0.8352376726961139,0.8325636681052785,0.9995003747085625,0.18,1,positive,causal
0.7647464701916421,0.7836548102272122,0.9995003747085625,0.08,0,temporal_neg,causal
0.8038480436195126,0.7990344100438708,0.1780905676023748,0.1,0,semantic_neg,causal
0.8148049490476706,0.7585742181599787,0.9996002398507605,0.12,1,positive,causal
0.7637351096170248,0.7543970228777273,0.9996002398507605,0.05,0,temporal_neg,causal
0.8290658027391686,0.7743464450229229,0.17020704922556396,0.1,0,semantic_neg,causal
0.859566952044884,0.7762566842887764,0.999900014997667,0.1,1,positive,causal
0.7305094937447326,0.7729187932150634,0.999900014997667,0.05,0,temporal_neg,causal
0.7991679000633722,0.7707444597175294,0.1725390164004001,0.3,0,semantic_neg,causal
0.8855031490869554,0.7954912820082123,0.9998000599813393,0.15,1,positive,causal
0.7382998931550394,0.7734511097255105,0.9998000599813393,0.05,0,temporal_neg,causal
0.8284171825478064,0.849276254123013,0.16618804960370956,0.2,0,semantic_neg,causal
0.8345496457611337,0.8220479710688184,0.9997001349370297,0.22,1,positive,causal
0.7327360790867282,0.7626651252187393,0.9997001349370297,0.05,0,temporal_neg,causal
0.8045430961852171,0.853313854058267,0.16132943114369533,0.4,0,semantic_neg,causal
0.7681597849337278,0.8316289896362707,0.9996002398507605,0.18,1,positive,causal
0.7185357893572419,0.7772562076352623,0.9996002398507605,0.05,0,temporal_neg,causal
0.8010309056587399,0.7759811628764839,0.1780905676023748,0.1,0,semantic_neg,causal
0.793078678621564,0.8243489747985806,0.9995003747085625,0.1,1,positive,causal
0.7049370522081811,0.7565002442761298,0.9995003747085625,0.05,0,temporal_neg,causal
0.7955613306646873,0.8142753324089578,0.15864693436001365,0.3,0,semantic_neg,causal
0.8490881073979075,0.8195164319486391,0.999900014997667,0.2,1,positive,causal
0.7749432662602843,0.7734511097255105,0.9998000599813393,0.05,0,temporal_neg,causal
0.807340031784636,0.8266449282444586,0.1725390164004001,0.1,0,semantic_neg,causal
0.8196744074532851,0.8374051847359447,0.999900014997667,0.15,1,positive,causal
0.7808674324707103,0.7702259751946201,0.9997001349370297,0.05,0,temporal_neg,causal
0.793536644885191,0.7972188742097625,0.16618804960370956,0.1,0,semantic_neg,causal
0.8081367467556834,0.8406623449124663,0.999900014997667,0.15,1,positive,causal
0.7160979125261853,0.7706068435003084,0.9998000599813393,0.05,0,temporal_neg,causal
0.8129151029980557,0.7944006514834474,0.16132943114369533,0.1,0,semantic_neg,causal
0.8407810702403985,0.7663185711762559,0.999900014997667,0.1,1,positive,causal
0.7747139978153949,0.7596136379176408,0.9997001349370297,0.05,0,temporal_neg,causal
0.8147463110686318,0.7644950329518864,0.1780905676023748,0.1,0,semantic_neg,causal
0.8919185963784007,0.8048905716308745,0.999900014997667,0.2,1,positive,causal
0.7126941253680554,0.8117118246885733,0.9998000599813393,0.05,0,temporal_neg,causal
0.8037747274058211,0.7567491403450008,0.15864693436001365,0.1,0,semantic_neg,causal
0.856912017117565,0.8599362568381674,0.9998000599813393,0.2,1,positive,causal
0.769239585531977,0.7734511097255105,0.9997001349370297,0.05,0,temporal_neg,causal
0.8303369659074709,0.7836732856732853,0.17500799726913013,0.3,0,semantic_neg,causal
0.8735686217458849,0.7617297928308275,0.999900014997667,0.18,1,positive,causal
0.7585987859003809,0.804162014762499,0.9998000599813393,0.08,0,temporal_neg,causal
0.8450315493679859,0.8285314327310844,0.16606041092843887,0.6,0,semantic_neg,causal
0.8473526627491968,0.853313854058267,0.9995003747085625,0.2,1,positive,causal
0.7664941762194425,0.7654865176246619,0.9996002398507605,0.1,0,temporal_neg,causal
0.7859442495527809,0.7534836970443246,0.17246533002744496,0.4,0,semantic_neg,causal
0.8887868577350893,0.7931816452647308,0.999900014997667,0.17,1,positive,causal
0.7728312041881493,0.7473437075464662,0.9998000599813393,0.07,0,temporal_neg,causal
0.7920126282558241,0.7876371438163661,0.16131505673496868,0.3,0,semantic_neg,causal
0.8742287051463863,0.855697813571949,0.9997001349370297,0.18,1,positive,causal
0.756091130458565,0.8326572626645589,0.9996002398507605,0.06,0,temporal_neg,causal
0.8419530816382579,0.7747905257782335,0.17651240790360206,0.2,0,semantic_neg,causal
0.8690690103154456,0.7734511097255105,0.999900014997667,0.15,1,positive,causal
0.8156087204892264,1.0,0.9998000599813393,0.05,0,temporal_neg,causal
0.8169204708577646,0.7428017637210182,0.1725390164004001,0.1,0,semantic_neg,causal
0.7953365848460684,0.7767711225631733,0.9995003747085625,0.25,1,positive,causal
0.7682218783548036,0.7729187932150634,0.9997001349370297,0.05,0,temporal_neg,causal
0.8389933185435112,0.7794638593933272,0.16618804960370956,0.15,0,semantic_neg,causal
0.8710760429319158,0.812073617909938,0.9998000599813393,0.2,1,positive,causal
0.7920887546870187,0.7358799414949115,0.999900014997667,0.05,0,temporal_neg,causal
0.8106126898578834,0.7639983778345583,0.17514575888750886,0.1,0,semantic_neg,causal
0.8008651851916817,0.8186743242336685,0.9997001349370297,0.15,1,positive,causal
0.7964227905827617,0.7942171838681243,0.9996002398507605,0.05,0,temporal_neg,causal
0.8584839695361424,0.7697186906069495,0.16132943114369533,0.1,0,semantic_neg,causal
0.8625021991916335,0.8461320461106232,0.999900014997667,0.15,1,positive,causal
0.7510662524232248,0.7709213468441454,0.9998000599813393,0.05,0,temporal_neg,causal
0.8588574026838269,0.7919335571180757,0.1780905676023748,0.7,0,semantic_neg,causal
0.8625362008816925,0.9416101914744812,0.1316757383963854,0.9,1,positive,affective
0.779486968367558,0.8361594278377547,0.1316757383963854,0.1,0,temporal_neg,affective
0.8110914623893419,0.7867926959540634,0.20709759078963702,0.6,0,semantic_neg,affective
0.8573229368118964,0.9736784755473629,0.12500902459668783,0.95,1,positive,affective
0.7167651168645858,0.7796308049490565,0.12500902459668783,0.05,0,temporal_neg,affective
0.8411259792100094,0.7692637199676844,0.22553064631951622,0.6,0,semantic_neg,affective
0.8730267832502718,0.899384958236932,0.1175104279123062,0.98,1,positive,affective
0.743110831278262,0.74538870970066,0.1175104279123062,0.2,0,temporal_neg,affective
0.8558175764776477,0.7895044531321299,0.20276467062514594,0.65,0,semantic_neg,affective
0.872657897535632,0.9314296668369555,0.1448722468222481,0.8,1,positive,affective
0.7083278625817224,0.7589268457173852,0.1448722468222481,0.2,0,temporal_neg,affective
0.8202752390390102,0.7577085512489431,0.21817298312218497,0.4,0,semantic_neg,affective
0.8698087188330904,0.8978536865731379,0.1385692922674096,0.95,1,positive,affective
0.6753035825947022,0.7118680165911411,0.1385692922674096,0.15,0,temporal_neg,affective
0.8537137678621055,0.7958698711357052,0.19566125609358018,0.7,0,semantic_neg,affective
0.8756256563906955,0.8806259941494818,0.19566125609358018,0.9,1,positive,affective
0.7442704413426219,0.7890102533543366,0.1875914505876009,0.2,0,temporal_neg,affective
0.7843101828811457,0.7308776804100442,0.2650699754534338,0.1,0,semantic_neg,affective
0.8772198134489186,0.9120836773212008,0.12028068462456161,0.85,1,positive,affective
0.7531222709570542,0.7962190812106913,0.12008949128080974,0.1,0,temporal_neg,affective
0.7772111452899635,0.7726964145439082,0.24724797930973505,0.4,0,semantic_neg,affective
0.8532283682420171,0.880494184288108,0.11770109961932054,0.9,1,positive,affective
0.7517555225844801,0.7763504271567898,0.1176244409182658,0.2,0,temporal_neg,affective
0.827190399379409,0.8067130690900629,0.21817298312218497,0.3,0,semantic_neg,affective
0.9082057828506431,0.9047923712941446,0.1448722468222481,0.97,1,positive,affective
0.7099341959510006,0.7695070778262119,0.14458802547232058,0.05,0,temporal_neg,affective
0.772015181746016,0.7714822630753569,0.2942998296638024,0.3,0,semantic_neg,affective
0.8675285599823299,0.9244887575507863,0.11626011214232955,0.93,1,positive,affective
0.7416868778153738,0.763146610718209,0.11619277110258176,0.2,0,temporal_neg,affective
0.7627667563904148,0.7586053769389932,0.20276467062514594,0.3,0,semantic_neg,affective
0.8197857847159071,1.0,0.12500902459668783,0.9,1,positive,affective
0.7288018357290258,0.7421418259395297,0.12493793494558464,0.0,0,temporal_neg,affective
0.8468515729380326,0.8336431510778879,0.20709759078963702,0.3,0,semantic_neg,affective
0.8911717528866394,1.0,0.1316757383963854,0.8,1,positive,affective
0.7587751163484965,0.7879642057967566,0.1315576537455527,0.1,0,temporal_neg,affective
0.8247324000566671,0.8859290252255511,0.22553064631951622,0.4,0,semantic_neg,affective
0.8350600394251139,1.0,0.1175104279123062,0.88,1,positive,affective
0.741868874403425,0.7500438772644105,0.11747268037732994,0.0,0,temporal_neg,affective
0.8237000770410944,0.8992800999971516,0.24724797930973505,0.5,0,semantic_neg,affective
0.8848312061469163,1.0,0.13686864520235192,0.92,1,positive,affective
0.7466204809331068,0.799585375736553,0.13676644819615016,0.0,0,temporal_neg,affective
0.8555693827407143,0.849799991202774,0.20276467062514594,0.6,0,semantic_neg,affective
0.8380883101931684,1.0,0.1448722468222481,0.9,1,positive,affective
0.6970618862377179,0.7354177150455954,0.14458802547232058,0.0,0,temporal_neg,affective
0.8166099700528455,0.8717295537717236,0.2650699754534338,0.4,0,semantic_neg,affective
0.8292156664924888,1.0,0.1316757383963854,0.9,1,positive,affective
0.7588646224454862,0.7142851094193188,0.1316757383963854,0.1,0,temporal_neg,affective
0.808433481246311,0.7571290614383086,0.20709759078963702,0.6,0,semantic_neg,affective
0.8898908256583372,1.0,0.1385692922674096,0.95,1,positive,affective
0.7530989401394274,0.7011258272462083,0.1385692922674096,0.05,0,temporal_neg,affective
0.8129846477871616,0.788121766438969,0.21817298312218497,0.7,0,semantic_neg,affective
0.8558322106246022,1.0,0.16132943114369533,0.85,1,positive,affective
0.7175081284346803,0.7130477381536591,0.16132943114369533,0.1,0,temporal_neg,affective
0.8240039017247323,0.7566000951681658,0.24724797930973505,0.5,0,semantic_neg,affective
0.8796035359951018,1.0,0.13516079861761235,0.97,1,positive,affective
0.7541736533604708,0.7548558796335237,0.13516079861761235,0.3,0,temporal_neg,affective
0.8239750345446246,0.7843523512734121,0.2650699754534338,0.8,0,semantic_neg,affective
0.8654546268836383,1.0,0.15324606725813744,0.9,1,positive,affective
0.7483904438150311,0.794567448797783,0.15324606725813744,0.2,0,temporal_neg,affective
0.9001223922596988,0.867159943009151,0.2942998296638024,0.6,0,semantic_neg,affective
0.8097883774240201,1.0,0.12359549444872239,0.9,1,positive,affective
0.7275643010470432,0.7125328992855604,0.12359549444872239,0.1,0,temporal_neg,affective
0.8203191036617774,0.7870965801795755,0.2650699754534338,0.8,0,semantic_neg,affective
0.8273484109842466,1.0,0.13120939176994587,0.9,1,positive,affective
0.7837463800660014,0.7517314859737853,0.13120939176994587,0.3,0,temporal_neg,affective
0.8080126540503083,0.8063053690717201,0.2942998296638024,0.6,0,semantic_neg,affective
0.8785457151690317,1.0,0.12028068462456161,0.85,1,positive,affective
0.7570007832773855,0.7718339737598001,0.12028068462456161,0.2,0,temporal_neg,affective
0.8224221214367832,0.7697009560036843,0.24724797930973505,0.7,0,semantic_neg,affective
0.8631595606033111,1.0,0.1385692922674096,0.9,1,positive,affective
0.6743055491052807,0.7658415229962352,0.1385692922674096,0.4,0,temporal_neg,affective
0.773507875402407,0.7654758333872214,0.3247342047137871,0.8,0,semantic_neg,affective
0.8819964936875819,1.0,0.12814753972581877,0.8,1,positive,affective
0.733794838432955,0.7849070373719795,0.12814753972581877,0.2,0,temporal_neg,affective
0.8560435069702783,0.8236192927096582,0.22553064631951622,0.6,0,semantic_neg,affective
0.8066844662761772,1.0,0.1448722468222481,0.95,1,positive,affective
0.7123962067556053,0.8025032051865038,0.1448722468222481,0.1,0,temporal_neg,affective
0.7838658276080925,0.8129273932486207,0.20709759078963702,0.6,0,semantic_neg,affective
0.8481801121666062,1.0,0.1385692922674096,0.85,1,positive,affective
0.7101322808775996,0.7874954331230558,0.1385692922674096,0.15,0,temporal_neg,affective
0.8433660981759113,0.911168781793869,0.24724797930973505,0.4,0,semantic_neg,affective
0.8700911808663974,1.0,0.1316757383963854,0.9,1,positive,affective
0.743551238132854,0.763358223883305,0.1316757383963854,0.05,0,temporal_neg,affective
0.8031009697290195,0.7973532707991955,0.2650699754534338,0.5,0,semantic_neg,affective
0.8343477150788212,1.0,0.15324606725813744,0.95,1,positive,affective
0.7400367606146238,0.7841537342636355,0.15324606725813744,0.1,0,temporal_neg,affective
0.8148504456657012,0.8054296244095842,0.2942998296638024,0.3,0,semantic_neg,affective
0.8780200421301096,1.0,0.16132943114369533,0.95,1,positive,affective
0.768563442027383,0.8101225521427097,0.16132943114369533,0.05,0,temporal_neg,affective
0.8420407709585082,0.837386681679741,0.3581970477838151,0.6,0,semantic_neg,affective
0.8327202888117142,0.8966721193349451,0.1316757383963854,0.9,1,positive,affective
0.7336952392924025,0.7429853754902697,0.13165203999272554,0.1,0,temporal_neg,affective
0.8008046083351672,0.7705472197008877,0.20709759078963702,0.2,0,semantic_neg,affective
0.8644656317675246,0.891808280558572,0.1448722468222481,0.85,1,positive,affective
0.6993486130310155,0.7700413074544767,0.1448150034717916,0.1,0,temporal_neg,affective
0.818786277931167,0.81935973593807,0.22553064631951622,0.3,0,semantic_neg,affective
0.8797964477692224,0.8896522956450871,0.16132943114369533,0.95,1,positive,affective
0.7351110654370838,0.762032904855799,0.16118615766211886,0.05,0,temporal_neg,affective
0.8115298261051151,0.813271359281857,0.2650699754534338,0.2,0,semantic_neg,affective
0.8407486363805157,0.8743661247043191,0.1385692922674096,0.85,1,positive,affective
0.7282170361576066,0.7827305050813806,0.1385310147977424,0.1,0,temporal_neg,affective
0.8092177314607678,0.7841033650904807,0.24724797930973505,0.3,0,semantic_neg,affective
0.8432486028716102,0.864531985999786,0.1725390164004001,0.8,1,positive,affective
0.7363550857040722,0.7243124892742444,0.17229434426455606,0.0,0,temporal_neg,affective
0.8214194927455296,0.8438447733758272,0.2942998296638024,0.3,0,semantic_neg,affective
0.8844807642057261,0.8740871680355478,0.1448722468222481,0.9,1,positive,affective
0.7597801753154352,0.7825647684051081,0.14458802547232058,0.1,0,temporal_neg,affective
0.7627961708715087,0.7304003856132993,0.23484671873236782,0.6,0,semantic_neg,affective
0.8147794117694518,0.8838846021044893,0.16132943114369533,0.95,1,positive,affective
0.7477124553073642,0.7245507517228141,0.16062330390381485,0.05,0,temporal_neg,affective
0.7829379260151145,0.7765633525881305,0.21215332784742846,0.8,0,semantic_neg,affective
0.8636616079064302,0.9432811986438492,0.1316757383963854,0.9,1,positive,affective
0.7028482687972175,0.7571978684445222,0.1315576537455527,0.2,0,temporal_neg,affective
0.7321344339422049,0.7765759583641869,0.20276467062514594,0.7,0,semantic_neg,affective
0.8369051939317446,0.9469362849015324,0.1385692922674096,0.95,1,positive,affective
0.7373613135777499,0.8115575384584004,0.1383788730014982,0.15,0,temporal_neg,affective
0.7524881469979969,0.7525108701713794,0.2650699754534338,0.6,0,semantic_neg,affective
0.8092261844721442,0.9529618678496372,0.15743424663874664,0.9,1,positive,affective
0.7352578145230099,0.7800761908477838,0.1568558949197722,0.1,0,temporal_neg,affective
0.7805866755254764,0.7270321257989892,0.22553064631951622,0.7,0,semantic_neg,affective
0.8955386079132486,0.8887503484310155,0.13053850141016202,0.95,1,positive,affective
0.6988064869074854,0.7262229464642017,0.13053850141016202,0.2,0,temporal_neg,affective
0.8250574989307955,0.7775381109410023,0.20709759078963702,0.3,0,semantic_neg,affective
0.8939001735261899,0.9140188595747656,0.15743424663874664,0.9,1,positive,affective
0.7392396003520914,0.7219772915100058,0.15743424663874664,0.1,0,temporal_neg,affective
0.7997310112893569,0.7905556426696486,0.24724797930973505,0.2,0,semantic_neg,affective
0.8886648274932561,0.891792227264864,0.12359549444872239,0.98,1,positive,affective
0.6851150419536709,0.7534062512881934,0.12359549444872239,0.15,0,temporal_neg,affective
0.7967203143986428,0.8207248210713785,0.2650699754534338,0.4,0,semantic_neg,affective
0.8761338730791799,0.898609883597668,0.1385692922674096,0.92,1,positive,affective
0.7491446729653135,0.7765235761773227,0.1385692922674096,0.1,0,temporal_neg,affective
0.7914480989375141,0.7818249259488755,0.22553064631951622,0.2,0,semantic_neg,affective
0.9106451909903361,0.8812805526203668,0.12028068462456161,0.88,1,positive,affective
0.7145496825431681,0.7529238125580702,0.12028068462456161,0.25,0,temporal_neg,affective
0.8515883185635331,0.7545628006820341,0.19566125609358018,0.1,0,semantic_neg,affective
0.8414743044162898,1.0,0.16132943114369533,0.9,1,positive,affective
0.7711187815361205,0.7930617200153488,0.16132943114369533,0.1,0,temporal_neg,affective
0.788518192613722,0.7844729131595058,0.20709759078963702,0.3,0,semantic_neg,affective
0.8876523955527607,1.0,0.1448722468222481,0.8,1,positive,affective
0.6837621956460657,0.7819875937539915,0.1448722468222481,0.2,0,temporal_neg,affective
0.8550385867548137,0.8790284580505066,0.22553064631951622,0.2,0,semantic_neg,affective
0.8071907374282143,0.926826643085631,0.1385692922674096,0.9,1,positive,affective
0.7187244578747305,0.7530657324200623,0.1385692922674096,0.05,0,temporal_neg,affective
0.7968358439149522,0.8510990219289474,0.20276467062514594,0.6,0,semantic_neg,affective
0.9110412019050957,1.0,0.1316757383963854,0.85,1,positive,affective
0.7106545665033484,0.7463787919457648,0.1316757383963854,0.0,0,temporal_neg,affective
0.7673274323891173,0.7975213633618583,0.19566125609358018,0.7,0,semantic_neg,affective
0.8675262962227229,1.0,0.1725390164004001,0.7,1,positive,affective
0.7170570404491672,0.8151886554818675,0.1725390164004001,0.1,0,temporal_neg,affective
0.8422627393388296,0.8257753856111116,0.21817298312218497,0.8,0,semantic_neg,affective
0.8689741268601919,0.9455702487016748,0.1316757383963854,0.95,1,positive,affective
0.7810658950669536,0.7219296470504624,0.1316757383963854,0.0,0,temporal_neg,affective
0.79430109106182,0.7645684698705713,0.20709759078963702,0.6,0,semantic_neg,affective
0.9103603095377903,0.9762214721769447,0.1448722468222481,0.9,1,positive,affective
0.7271998054373912,0.7465504728802692,0.1448722468222481,0.0,0,temporal_neg,affective
0.8901370008803198,0.8507103152956292,0.24724797930973505,0.4,0,semantic_neg,affective
0.8648694679022405,0.9321322668239218,0.1385692922674096,0.85,1,positive,affective
0.7569615767890453,0.7201578618933719,0.1385692922674096,0.0,0,temporal_neg,affective
0.819972266187713,0.7825351271854555,0.2650699754534338,0.6,0,semantic_neg,affective
0.8618851021863707,0.9372485605366789,0.16132943114369533,0.85,1,positive,affective
0.7609945956642001,0.7174952263599075,0.16132943114369533,0.0,0,temporal_neg,affective
0.8149087448011594,0.8662501806128098,0.2942998296638024,0.5,0,semantic_neg,affective
0.8990021957516363,0.9336135502580163,0.12500902459668783,0.9,1,positive,affective
0.7722884999222187,0.7527113886461958,0.12500902459668783,0.0,0,temporal_neg,affective
0.8583403095027783,0.8774117982756283,0.22553064631951622,0.6,0,semantic_neg,affective
0.7653926562307195,0.9529566426682673,0.1448722468222481,0.95,1,positive,affective
0.7055923664261221,0.7299920998731582,0.1448150034717916,0.1,0,temporal_neg,affective
0.7739768320504274,0.7274879881001489,0.2650699754534338,0.8,0,semantic_neg,affective
0.7812403497702548,0.971546884307717,0.1316757383963854,0.85,1,positive,affective
0.7067050118553098,0.7811901736390465,0.13169947779226882,0.1,0,temporal_neg,affective
0.7495048808268129,0.7543603715180509,0.20709759078963702,0.7,0,semantic_neg,affective
0.7897400286230594,0.9020366924640109,0.16132943114369533,0.98,1,positive,affective
0.7382085186845837,0.7117138343567824,0.16118615766211886,0.2,0,temporal_neg,affective
0.8211662960271764,0.7613432583222646,0.24724797930973505,0.4,0,semantic_neg,affective
0.8204795472703346,0.9829932553534646,0.1385692922674096,0.9,1,positive,affective
0.7220828839022904,0.7188469923672223,0.1385310147977424,0.3,0,temporal_neg,affective
0.8377226828674029,0.7184333765304922,0.2942998296638024,0.5,0,semantic_neg,affective
0.8111197295793118,0.8971580554860741,0.18145989728416287,0.8,1,positive,affective
0.749439130102189,0.8241370151597291,0.1818244739258313,0.4,0,temporal_neg,affective
0.7974178239495985,0.8508846306769247,0.19566125609358018,0.7,0,semantic_neg,affective
0.8570700375522706,1.0,0.13710990164796324,0.9,1,positive,affective
0.7302319263735141,0.7578054465956989,0.13710990164796324,0.1,0,temporal_neg,affective
0.7998197654634671,0.7409885806709093,0.20709759078963702,0.6,0,semantic_neg,affective
0.8794169843325361,1.0,0.1316757383963854,0.9,1,positive,affective
0.7489729070924054,0.7330290590909829,0.1316757383963854,0.05,0,temporal_neg,affective
0.7882647546194615,0.7775457570098494,0.24724797930973505,0.3,0,semantic_neg,affective
0.8638912766298197,1.0,0.16132943114369533,0.98,1,positive,affective
0.7593017166150318,0.7535628808456851,0.16132943114369533,0.1,0,temporal_neg,affective
0.7750613315417128,0.7469169860773073,0.2650699754534338,0.4,0,semantic_neg,affective
0.8763815414831126,1.0,0.1448722468222481,0.92,1,positive,affective
0.7334557020849546,0.7759268183489341,0.1448722468222481,0.2,0,temporal_neg,affective
0.7941065052979126,0.7421245943299726,0.2942998296638024,0.5,0,semantic_neg,affective
0.8661323366069615,1.0,0.15324606725813744,0.97,1,positive,affective
0.7092356132667319,0.7172811414288895,0.15324606725813744,0.3,0,temporal_neg,affective
0.7537554150030419,0.7138868561353896,0.22553064631951622,0.7,0,semantic_neg,affective
0.8310960736043211,0.9342382136523217,0.1448722468222481,0.95,1,positive,affective
0.7739336441563607,0.7640387095126004,0.1448722468222481,0.1,0,temporal_neg,affective
0.7943085626948974,0.7735099819809796,0.20709759078963702,0.6,0,semantic_neg,affective
0.8375730537006761,0.9299779868686762,0.16132943114369533,0.85,1,positive,affective
0.7368703077351645,0.7612779683855005,0.16132943114369533,0.05,0,temporal_neg,affective
0.817467982685064,0.7938383274554783,0.2650699754534338,0.1,0,semantic_neg,affective
0.8867351678221016,0.9308784122626357,0.15146652569133173,0.9,1,positive,affective
0.7440096799060402,0.7438356184665105,0.15146652569133173,0.0,0,temporal_neg,affective
0.8530676281494531,0.7908231219442415,0.24724797930973505,0.2,0,semantic_neg,affective
0.8346392474945354,0.901968327076841,0.1385692922674096,0.85,1,positive,affective
0.7357645789611672,0.7807663081514251,0.1385692922674096,0.1,0,temporal_neg,affective
0.7964767206026842,0.8011067373393896,0.22553064631951622,0.5,0,semantic_neg,affective
0.8226687639574067,0.9447619253143376,0.18145989728416287,0.9,1,positive,affective
0.7805986208622766,0.7673132497576445,0.18145989728416287,0.1,0,temporal_neg,affective
0.8368749121208596,0.747608242148242,0.2942998296638024,0.05,0,semantic_neg,affective
0.8599102759298192,0.97640626350368,0.13686864520235192,0.95,1,positive,affective
0.7351913809459604,0.7256678370681068,0.13686864520235192,0.2,0,temporal_neg,affective
0.7587869088485906,0.7659104344420957,0.20709759078963702,0.8,0,semantic_neg,affective
0.855144506854314,0.9064140025237903,0.1448722468222481,0.9,1,positive,affective
0.7395725515245597,0.7342414632635854,0.1448722468222481,0.25,0,temporal_neg,affective
0.7859349374670059,0.7334608785979002,0.24724797930973505,0.6,0,semantic_neg,affective
0.8461343398361677,0.9196338216860384,0.1316757383963854,0.8,1,positive,affective
0.7347283570429406,0.7282924565042755,0.1316757383963854,0.3,0,temporal_neg,affective
0.7835425466132941,0.7571321823262416,0.2650699754534338,0.75,0,semantic_neg,affective
0.8395289178274661,0.9543958210149036,0.16132943114369533,0.98,1,positive,affective
0.7255069971163104,0.7346733074291623,0.16132943114369533,0.15,0,temporal_neg,affective
0.7798855978341435,0.7527462387020952,0.20276467062514594,0.7,0,semantic_neg,affective
0.8254188082493379,0.9477318820582313,0.15324606725813744,0.85,1,positive,affective
0.6816737614036377,0.7439820482258858,0.15324606725813744,0.2,0,temporal_neg,affective
0.8201429553746737,0.7502234295003569,0.2942998296638024,0.6,0,semantic_neg,affective
0.8769209002432419,1.0,0.1316757383963854,0.95,1,positive,affective
0.7765772915673004,0.8046956828500545,0.13172325830912823,0.1,0,temporal_neg,affective
0.8236448121531702,0.8212351268285928,0.20709759078963702,0.3,0,semantic_neg,affective
0.8678555696211241,1.0,0.1385692922674096,0.9,1,positive,affective
0.7167743253640975,0.7657630550352348,0.13864614076027743,0.2,0,temporal_neg,affective
0.8014549141049379,0.7639366764686091,0.22553064631951622,0.1,0,semantic_neg,affective
0.8491005707903813,1.0,0.12028068462456161,0.95,1,positive,affective
0.7139530983010476,0.8396942736789665,0.12026142346812224,0.4,0,temporal_neg,affective
0.7916366204456182,0.7807534669704572,0.20276467062514594,0.6,0,semantic_neg,affective
0.8238003232190901,1.0,0.11770109961932054,0.95,1,positive,affective
0.6886298448982303,0.7599764368889117,0.11771649446628438,0.3,0,temporal_neg,affective
0.8130980236960628,0.8318248950469229,0.19566125609358018,0.2,0,semantic_neg,affective
0.8672855252328402,1.0,0.12814753972581877,0.9,1,positive,affective
0.7237112969867181,0.7750593828912842,0.1281111380985795,0.4,0,temporal_neg,affective
0.768636490278271,0.739370162370618,0.21817298312218497,0.6,0,semantic_neg,affective
0.8755300365190344,0.8919282209346289,0.1175104279123062,0.95,1,positive,affective
0.728219573040937,0.7334788811400244,0.1175104279123062,0.1,0,temporal_neg,affective
0.8370900664058505,0.8175123205074337,0.20709759078963702,0.5,0,semantic_neg,affective
0.8395205110276922,0.9005206794278805,0.12067273002672163,0.9,1,positive,affective
0.7122214772821571,0.7490955140771061,0.12067273002672163,0.05,0,temporal_neg,affective
0.8215689204884793,0.8761010773314442,0.24724797930973505,0.4,0,semantic_neg,affective
0.8476961545978738,0.8812565936379441,0.1316757383963854,0.88,1,positive,affective
0.7294103919274548,0.767562800947949,0.1316757383963854,0.1,0,temporal_neg,affective
0.8770829213469716,0.8637543650633812,0.2650699754534338,0.5,0,semantic_neg,affective
0.8373263855957788,0.9160546577145721,0.12500902459668783,0.83,1,positive,affective
0.761000989490747,0.7644557926984302,0.12500902459668783,0.2,0,temporal_neg,affective
0.8234305757360939,0.801770908887385,0.2942998296638024,0.15,0,semantic_neg,affective
0.8580300631089752,0.8930128318923857,0.1448722468222481,0.98,1,positive,affective
0.7359207727912809,0.749298829614811,0.1448722468222481,0.3,0,temporal_neg,affective
0.8649581824926706,0.8650480429362324,0.22553064631951622,0.55,0,semantic_neg,affective
0.8633516035018307,1.0,0.1316757383963854,0.9,1,positive,affective
0.7011636781421854,0.7890358230501795,0.1316757383963854,0.1,0,temporal_neg,affective
0.807463371580995,0.7277263149600142,0.20709759078963702,0.3,0,semantic_neg,affective
0.8510750085812702,1.0,0.12500902459668783,0.8,1,positive,affective
0.7644362627683118,0.7562511789174984,0.12500902459668783,0.2,0,temporal_neg,affective
0.8240060249607926,0.7689153376168119,0.22553064631951622,0.4,0,semantic_neg,affective
0.8842101851871704,1.0,0.1385692922674096,0.88,1,positive,affective
0.6823029518749083,0.7511652547567451,0.1385692922674096,0.15,0,temporal_neg,affective
0.7799031870101059,0.7141798325813875,0.24724797930973505,0.5,0,semantic_neg,affective
0.8965088858190827,1.0,0.1448722468222481,0.95,1,positive,affective
0.7417989295682467,0.7307025332755217,0.1448722468222481,0.25,0,temporal_neg,affective
0.8501300954040462,0.768106773623118,0.2650699754534338,0.4,0,semantic_neg,affective
0.8928530729113933,1.0,0.13516079861761235,0.9,1,positive,affective
0.7478011161836667,0.7642038568231899,0.13516079861761235,0.1,0,temporal_neg,affective
0.8125176543777326,0.782291946623845,0.20276467062514594,0.55,0,semantic_neg,affective
0.8931743121489749,1.0,0.14061795579728167,0.9,1,positive,affective
0.72548124968455,0.7244472346967212,0.14061795579728167,0.1,0,temporal_neg,affective
0.8080131026736599,0.8256109605757151,0.20709759078963702,0.2,0,semantic_neg,affective
0.8589651266271242,0.9191121565166602,0.16132943114369533,0.92,1,positive,affective
0.7603064482187973,0.7822246216299598,0.16132943114369533,0.05,0,temporal_neg,affective
0.8411354835747942,0.9337413427341659,0.24724797930973505,0.6,0,semantic_neg,affective
0.9048208325706375,0.9397730286564292,0.13240634964667863,0.85,1,positive,affective
0.759917216068821,0.7194781496117477,0.13240634964667863,0.2,0,temporal_neg,affective
0.8983785067667429,0.8736924308611314,0.2650699754534338,0.5,0,semantic_neg,affective
0.8860287157415714,0.9769067880652329,0.18145989728416287,0.88,1,positive,affective
0.7451846068069734,0.7478962655238989,0.18145989728416287,0.15,0,temporal_neg,affective
0.8150490529644492,0.8356442442160643,0.2942998296638024,0.3,0,semantic_neg,affective
0.8949504761504524,0.9529625330016407,0.12493793494558464,0.93,1,positive,affective
0.7407622186489573,0.7467058442480065,0.12493793494558464,0.05,0,temporal_neg,affective
0.8877393113865392,0.89809300889784,0.19566125609358018,0.65,0,semantic_neg,affective
0.8193328098127823,1.0,0.1316757383963854,0.85,1,positive,affective
0.7555490948702592,0.7738067410738303,0.1316757383963854,0.1,0,temporal_neg,affective
0.8060522500282652,0.8484557459751645,0.23484671873236782,0.3,0,semantic_neg,affective
0.8223695573275024,1.0,0.1385692922674096,0.75,1,positive,affective
0.7465246905795128,0.7438751042396672,0.1385692922674096,0.15,0,temporal_neg,affective
0.7747043033358436,0.7817580484991078,0.2650699754534338,0.4,0,semantic_neg,affective
0.83188040682188,1.0,0.12644215529547434,0.9,1,positive,affective
0.7417448789796509,0.8226455555709982,0.12644215529547434,0.05,0,temporal_neg,affective
0.8440680081782507,0.7832217185539194,0.22553064631951622,0.2,0,semantic_neg,affective
0.8375149347535017,1.0,0.13010904137960405,0.85,1,positive,affective
0.7648286780983303,0.7604858345055541,0.13010904137960405,0.05,0,temporal_neg,affective
0.8077360389170866,0.7129137860726523,0.2942998296638024,0.2,0,semantic_neg,affective
0.8811832123233828,1.0,0.12359549444872239,0.9,1,positive,affective
0.7418943784952249,0.730109712201479,0.12359549444872239,0.1,0,temporal_neg,affective
0.8318608979753468,0.770377979065499,0.21215332784742846,0.3,0,semantic_neg,affective
